<book>
<title>&kamailio; Database Tables</title>
<bookinfo>
	<productname class="trade">&kamailio;</productname>
	<authorgroup>
		<author>
			<firstname>&kamailio;</firstname>
			<surname>Development Team</surname>
			<affiliation><orgname>&kamailiohomelink;</orgname></affiliation>
			<address>&kamailiodevmail;</address>
		</author>
		<editor>
			<firstname>Henning</firstname>
			<surname>Westerholt</surname>
			<affiliation><orgname>1und1 Internet AG</orgname></affiliation>
			<address>
				<email>henning.westerholt@1und1.de</email>
			</address>
		</editor>
		<editor>
			<firstname>Norman</firstname>
			<surname>Brandinger</surname>
		</editor>
	</authorgroup>
	<copyright>
		<year>2008-2017</year>
		<holder>&kamailio; Project</holder>
	</copyright>
</bookinfo>
