<?xml version="1.0" encoding="UTF-8"?>
<!-- this file is autogenerated, do not edit! -->
<!DOCTYPE book PUBLIC "-//OASIS//DTD DocBook XML V4.2//EN"
	"http://www.oasis-open.org/docbook/xml/4.2/docbookx.dtd"
	[ <!ENTITY % local.common.attrib
	 "xmlns:xi CDATA #FIXED 'http://www.w3.org/2001/XInclude'">]
>
<book id="counter_list" xmlns:xi="http://www.w3.org/2001/XInclude">
	<title>Counter List</title>
	<bookinfo><revhistory><revision>
		<revnumber>sip-router git-bf9d26</revnumber>
		<date>Wed, 01 Sep 2010 19:01:58 +0200</date>
		<revremark>
			Automatically generated by:
			make -C doc/counter_list all
		</revremark>
	</revision></revhistory></bookinfo>
		<xi:include href="counters_dns.xml"/>
		<xi:include href="counters_tcp.xml"/>
		<xi:include href="counters_sctp.xml"/>
		<xi:include href="counters_mysql.xml"/>
</book>
