<?xml version="1.0" encoding="UTF-8"?>
<!-- this file is autogenerated, do not edit! -->
<!DOCTYPE section PUBLIC "-//OASIS//DTD DocBook XML V4.2//EN"
	"http://www.oasis-open.org/docbook/xml/4.2/docbookx.dtd">
<chapter id="rpc_exports.cfgutils">
	<title>
RPC Exports for cfgutils
	</title>


<section id="cfgutils.is_gflag"><title>cfgutils.is_gflag</title>
<para>
        Documentation missing (is_gflag_doc).
</para>
<para>
</para>
</section>

<section id="cfgutils.set_gflag"><title>cfgutils.set_gflag</title>
<para>
        Documentation missing (set_gflag_doc).
</para>
<para>
</para>
</section>

<section id="cfgutils.reset_gflag"><title>cfgutils.reset_gflag</title>
<para>
        Documentation missing (reset_gflag_doc).
</para>
<para>
</para>
</section>

</chapter>
