<?xml version="1.0" encoding="UTF-8"?>
<!-- this file is autogenerated, do not edit! -->
<!DOCTYPE section PUBLIC "-//OASIS//DTD DocBook XML V4.2//EN"
	"http://www.oasis-open.org/docbook/xml/4.2/docbookx.dtd">
<chapter id="rpc_exports.app_lua">
	<title>
RPC Exports for app_lua
	</title>


<section id="app_lua.reload"><title>app_lua.reload</title>
<para>
        Documentation missing (app_lua_rpc_reload_doc).
</para>
<para>
</para>
</section>

<section id="app_lua.list"><title>app_lua.list</title>
<para>
        list lua scripts
</para>
<para>
</para>
</section>

<section id="app_lua.api_list"><title>app_lua.api_list</title>
<para>
        list kemi exports to lua
</para>
<para>
</para>
</section>

</chapter>
