<?xml version="1.0" encoding="UTF-8"?>
<!-- this file is autogenerated, do not edit! -->
<!DOCTYPE section PUBLIC "-//OASIS//DTD DocBook XML V4.2//EN"
	"http://www.oasis-open.org/docbook/xml/4.2/docbookx.dtd">
<chapter id="rpc_exports.pv">
	<title>
RPC Exports for pv
	</title>


<section id="pv.shvSet"><title>pv.shvSet</title>
<para>
        Set a shared variable (args: name type value)
</para>
<para>
</para>
</section>

<section id="pv.shvGet"><title>pv.shvGet</title>
<para>
        Get the value of a shared variable. If no argument, dumps all
</para>
<para>
</para>
</section>

</chapter>
