<?xml version="1.0" encoding="UTF-8"?>
<!-- this file is autogenerated, do not edit! -->
<!DOCTYPE section PUBLIC "-//OASIS//DTD DocBook XML V4.2//EN"
	"http://www.oasis-open.org/docbook/xml/4.2/docbookx.dtd">
<chapter id="rpc_exports.permissions">
	<title>
RPC Exports for permissions
	</title>


<section id="permissions.trustedReload"><title>permissions.trustedReload</title>
<para>
        Documentation missing (rpc_trusted_reload_doc).
</para>
<para>
</para>
</section>

<section id="permissions.addressReload"><title>permissions.addressReload</title>
<para>
        Documentation missing (rpc_address_reload_doc).
</para>
<para>
</para>
</section>

<section id="permissions.trustedDump"><title>permissions.trustedDump</title>
<para>
        Documentation missing (rpc_trusted_dump_doc).
</para>
<para>
</para>
</section>

<section id="permissions.addressDump"><title>permissions.addressDump</title>
<para>
        Documentation missing (rpc_address_dump_doc).
</para>
<para>
        Returns an array.
</para>
</section>

<section id="permissions.subnetDump"><title>permissions.subnetDump</title>
<para>
        Documentation missing (rpc_subnet_dump_doc).
</para>
<para>
        Returns an array.
</para>
</section>

<section id="permissions.domainDump"><title>permissions.domainDump</title>
<para>
        Documentation missing (rpc_domain_name_dump_doc).
</para>
<para>
</para>
</section>

<section id="permissions.testUri"><title>permissions.testUri</title>
<para>
        Documentation missing (rpc_test_uri_doc).
</para>
<para>
</para>
</section>

</chapter>
