<?xml version="1.0" encoding="UTF-8"?>
<!-- this file is autogenerated, do not edit! -->
<!DOCTYPE section PUBLIC "-//OASIS//DTD DocBook XML V4.2//EN"
	"http://www.oasis-open.org/docbook/xml/4.2/docbookx.dtd">
<chapter id="rpc_exports.mtree">
	<title>
RPC Exports for mtree
	</title>


<section id="mtree.summary"><title>mtree.summary</title>
<para>
        Documentation missing (rpc_mtree_summary_doc).
</para>
<para>
        Returns an array.
</para>
</section>

<section id="mtree.reload"><title>mtree.reload</title>
<para>
        Documentation missing (rpc_mtree_reload_doc).
</para>
<para>
</para>
</section>

<section id="mtree.match"><title>mtree.match</title>
<para>
        Match prefix value against mtree
</para>
<para>
</para>
</section>

</chapter>
