<?xml version="1.0" encoding="UTF-8"?>
<!-- this file is autogenerated, do not edit! -->
<!DOCTYPE book PUBLIC "-//OASIS//DTD DocBook XML V4.2//EN"
	"http://www.oasis-open.org/docbook/xml/4.2/docbookx.dtd"
	[ <!ENTITY % local.common.attrib
	 "xmlns:xi CDATA #FIXED 'http://www.w3.org/2001/XInclude'">]
>
<book id="rpc_list" xmlns:xi="http://www.w3.org/2001/XInclude">
	<title>RPC Exports List</title>
	<bookinfo><revhistory><revision>
		<revnumber>Kamailio  git-d5369b</revnumber>
		<date>Tue, 06 Dec 2016 12:09:10 +0100</date>
		<revremark>
			Automatically generated by:
			make -C doc/rpc_list all
		</revremark>
	</revision></revhistory></bookinfo>
		<xi:include href="rpc_core.xml"/>
		<xi:include href="rpc_app_lua.xml"/>
		<xi:include href="rpc_app_perl.xml"/>
		<xi:include href="rpc_auth_xkeys.xml"/>
		<xi:include href="rpc_carrierroute.xml"/>
		<xi:include href="rpc_cdp.xml"/>
		<xi:include href="rpc_cfg_rpc.xml"/>
		<xi:include href="rpc_cfgt.xml"/>
		<xi:include href="rpc_cfgutils.xml"/>
		<xi:include href="rpc_cnxcc.xml"/>
		<xi:include href="rpc_corex.xml"/>
		<xi:include href="rpc_counters.xml"/>
		<xi:include href="rpc_ctl.xml"/>
		<xi:include href="rpc_db_flatstore.xml"/>
		<xi:include href="rpc_db_flatstore.xml"/>
		<xi:include href="rpc_db_text.xml"/>
		<xi:include href="rpc_debugger.xml"/>
		<xi:include href="rpc_dialog.xml"/>
		<xi:include href="rpc_dialplan.xml"/>
		<xi:include href="rpc_dispatcher.xml"/>
		<xi:include href="rpc_dmq.xml"/>
		<xi:include href="rpc_domain.xml"/>
		<xi:include href="rpc_drouting.xml"/>
		<xi:include href="rpc_htable.xml"/>
		<xi:include href="rpc_http_client.xml"/>
		<xi:include href="rpc_ims_dialog.xml"/>
		<xi:include href="rpc_ims_registrar_scscf.xml"/>
		<xi:include href="rpc_ims_usrloc_pcscf.xml"/>
		<xi:include href="rpc_ims_usrloc_scscf.xml"/>
		<xi:include href="rpc_jsonrpc-s.xml"/>
		<xi:include href="rpc_kex.xml"/>
		<xi:include href="rpc_kex.xml"/>
		<xi:include href="rpc_kex.xml"/>
		<xi:include href="rpc_lcr.xml"/>
		<xi:include href="rpc_malloc_test.xml"/>
		<xi:include href="rpc_mi_rpc.xml"/>
		<xi:include href="rpc_msrp.xml"/>
		<xi:include href="rpc_mtree.xml"/>
		<xi:include href="rpc_pdt.xml"/>
		<xi:include href="rpc_permissions.xml"/>
		<xi:include href="rpc_pike.xml"/>
		<xi:include href="rpc_pipelimit.xml"/>
		<xi:include href="rpc_prefix_route.xml"/>
		<xi:include href="rpc_presence.xml"/>
		<xi:include href="rpc_pv.xml"/>
		<xi:include href="rpc_ratelimit.xml"/>
		<xi:include href="rpc_sca.xml"/>
		<xi:include href="rpc_sctp.xml"/>
		<xi:include href="rpc_sipcapture.xml"/>
		<xi:include href="rpc_siptrace.xml"/>
		<xi:include href="rpc_sl.xml"/>
		<xi:include href="rpc_statsc.xml"/>
		<xi:include href="rpc_tls.xml"/>
		<xi:include href="rpc_tm.xml"/>
		<xi:include href="rpc_tsilo.xml"/>
		<xi:include href="rpc_uac.xml"/>
		<xi:include href="rpc_uid_domain.xml"/>
		<xi:include href="rpc_uid_gflags.xml"/>
		<xi:include href="rpc_usrloc.xml"/>
		<xi:include href="rpc_xhttp_pi.xml"/>
</book>
