<?xml version="1.0" encoding="UTF-8"?>
<!-- this file is autogenerated, do not edit! -->
<!DOCTYPE section PUBLIC "-//OASIS//DTD DocBook XML V4.2//EN"
	"http://www.oasis-open.org/docbook/xml/4.2/docbookx.dtd">
<chapter id="rpc_exports.lcr">
	<title>
RPC Exports for lcr
	</title>


<section id="lcr.reload"><title>lcr.reload</title>
<para>
        Reload lcr tables from database.
</para>
<para>
</para>
</section>

<section id="lcr.dump_gws"><title>lcr.dump_gws</title>
<para>
        Dump the contents of lcr_gws table.
</para>
<para>
</para>
</section>

<section id="lcr.dump_rules"><title>lcr.dump_rules</title>
<para>
        Dump the contents of the lcr_rules table.
</para>
<para>
</para>
</section>

<section id="lcr.defunct_gw"><title>lcr.defunct_gw</title>
<para>
        Defunct gateway until specified time (Unix timestamp).
</para>
<para>
</para>
</section>

</chapter>
