<?xml version="1.0" encoding="UTF-8"?>
<!-- this file is autogenerated, do not edit! -->
<!DOCTYPE section PUBLIC "-//OASIS//DTD DocBook XML V4.2//EN"
	"http://www.oasis-open.org/docbook/xml/4.2/docbookx.dtd">
<chapter id="rpc_exports.dialog">
	<title>
RPC Exports for dialog
	</title>


<section id="dlg.list"><title>dlg.list</title>
<para>
        Print all dialogs
</para>
<para>
        Returns an array.
</para>
</section>

<section id="dlg.list_ctx"><title>dlg.list_ctx</title>
<para>
        Print all dialogs with associated context
</para>
<para>
        Returns an array.
</para>
</section>

<section id="dlg.dlg_list"><title>dlg.dlg_list</title>
<para>
        Print dialog based on callid and fromtag
</para>
<para>
</para>
</section>

<section id="dlg.dlg_list_ctx"><title>dlg.dlg_list_ctx</title>
<para>
        Print dialog with associated context based on callid and
        fromtag
</para>
<para>
</para>
</section>

<section id="dlg.end_dlg"><title>dlg.end_dlg</title>
<para>
        End a given dialog based on [h_entry] [h_id]
</para>
<para>
</para>
</section>

<section id="dlg.profile_get_size"><title>dlg.profile_get_size</title>
<para>
        Returns the number of dialogs belonging to a profile
</para>
<para>
</para>
</section>

<section id="dlg.profile_list"><title>dlg.profile_list</title>
<para>
        Lists all the dialogs belonging to a profile
</para>
<para>
        Returns an array.
</para>
</section>

<section id="dlg.bridge_dlg"><title>dlg.bridge_dlg</title>
<para>
        Bridge two SIP addresses in a call using INVITE(hold)-REFER-BYE
        mechanism: to, from, [outbound SIP proxy]
</para>
<para>
</para>
</section>

<section id="dlg.terminate_dlg"><title>dlg.terminate_dlg</title>
<para>
        End a given dialog based on callid
</para>
<para>
</para>
</section>

</chapter>
