<?xml version="1.0" encoding="UTF-8"?>
<!-- this file is autogenerated, do not edit! -->
<!DOCTYPE section PUBLIC "-//OASIS//DTD DocBook XML V4.2//EN"
	"http://www.oasis-open.org/docbook/xml/4.2/docbookx.dtd">
<chapter id="config_vars.dispatcher">
	<title> Configuration Variables for dispatcher</title>


<section id="dispatcher.probing_threshhold">
    <title>dispatcher.probing_threshhold</title>
    <para>
        Number of failed requests, before a destination is set to
        probing..
    </para>
    <para>Default value: 3.</para>
    <para>Type: integer.</para>
    <para>
    </para>
</section>

<section id="dispatcher.ping_reply_codes">
    <title>dispatcher.ping_reply_codes</title>
    <para>
        Additional, valid reply codes for the OPTIONS Pinger. Default
        is &quot;&quot;.
    </para>
    <para>Default value: &lt;unknown:str&gt;.</para>
    <para>Type: string.</para>
    <para>
    </para>
</section>

</chapter>
