<?xml version="1.0" encoding="UTF-8"?>
<!-- this file is autogenerated, do not edit! -->
<!DOCTYPE book PUBLIC "-//OASIS//DTD DocBook XML V4.2//EN"
	"http://www.oasis-open.org/docbook/xml/4.2/docbookx.dtd"
	[ <!ENTITY % local.common.attrib
	 "xmlns:xi CDATA #FIXED 'http://www.w3.org/2001/XInclude'">]
>
<book id="cfg_var_list" xmlns:xi="http://www.w3.org/2001/XInclude">
	<title>Runtime Configuration Variables List</title>
	<bookinfo><revhistory><revision>
		<revnumber>sip-router git-a1b23f</revnumber>
		<date>Mon, 04 Oct 2010 20:24:11 +0200</date>
		<revremark>
			Automatically generated by:
			make -C doc/cfg_list all
		</revremark>
	</revision></revhistory></bookinfo>
		<xi:include href="cfg_core.xml"/>
		<xi:include href="cfg_sctp.xml"/>
		<xi:include href="cfg_tcp.xml"/>
		<xi:include href="cfg_tm.xml"/>
		<xi:include href="cfg_registrar.xml"/>
		<xi:include href="cfg_siputils.xml"/>
		<xi:include href="cfg_maxfwd.xml"/>
		<xi:include href="cfg_carrierroute.xml"/>
		<xi:include href="cfg_malloc_test.xml"/>
		<xi:include href="cfg_tls.xml"/>
		<xi:include href="cfg_dispatcher.xml"/>
</book>
