<?xml version="1.0" encoding="UTF-8"?>
<!-- this file is autogenerated, do not edit! -->
<!DOCTYPE book PUBLIC "-//OASIS//DTD DocBook XML V4.2//EN"
	"http://www.oasis-open.org/docbook/xml/4.2/docbookx.dtd"
	[ <!ENTITY % local.common.attrib
	 "xmlns:xi CDATA #FIXED 'http://www.w3.org/2001/XInclude'">]
>
<book id="select_list" xmlns:xi="http://www.w3.org/2001/XInclude">
	<title>Select List</title>
	<bookinfo><revhistory><revision>
		<revnumber>sip-router git-f88145</revnumber>
		<date>Sun, 07 Mar 2010 12:34:43 +0100</date>
		<revremark>
			Automatically generated by:
			make -C doc/select_list all
		</revremark>
	</revision></revhistory></bookinfo>
		<xi:include href="intro.xml"/>
		<xi:include href="select_core.xml"/>
		<xi:include href="select_tls.xml"/>
		<xi:include href="select_tm.xml"/>
		<xi:include href="select_xmlrpc.xml"/>
		<xi:include href="select_avp.xml"/>
		<xi:include href="select_db_ops.xml"/>
		<xi:include href="select_eval.xml"/>
		<xi:include href="select_nathelper.xml"/>
		<xi:include href="select_rr.xml"/>
		<xi:include href="select_textops.xml"/>
		<xi:include href="select_timer.xml"/>
</book>
